milk,bread
bread,butter
milk,bread,butter
milk,bread,butter,banana
banana,bread,butter
milk,butter
butter,bread
banana,bread
milk,butter,bread
milk,bread,butter,banana
banana,milk,bread
bread,eggs
milk,butter,eggs
bread,butter,eggs
butter,eggs
banana,butter
eggs,bread
milk,eggs
banana,butter,eggs
butter,eggs,bread
milk,banana
banana,eggs
banana,butter,eggs
milk,bread,butter
milk,banana,eggs
bread,butter,eggs
banana,bread,butter
bread,butter
banana,butter
milk,banana,bread,butter
bread,eggs,butter
milk,banana,eggs
banana,bread,butter
bread,milk
milk,butter,eggs
bread,butter
butter,banana
banana,butter,eggs
eggs,bread
milk,banana,butter
milk,eggs,bread
banana,butter,bread
banana,milk,butter
bread,butter
butter,banana
milk,butter,bread
eggs,milk
banana,bread,butter
milk,bread
butter,banana
milk,banana,butter
bread,butter,eggs
milk,bread,butter
banana,eggs
milk,butter,bread
eggs,bread,butter
banana,bread
banana,eggs,milk
bread,eggs,butter
milk,bread,eggs
butter,bread,eggs
banana,butter
bread,eggs,milk
banana,butter
milk,bread,butter
eggs,butter,bread
banana,butter,bread
bread,eggs,milk
banana,butter,eggs
milk,bread,butter
milk,banana
bread,butter
banana,butter,eggs
bread,eggs,butter
milk,eggs,bread
banana,butter
banana,milk
bread,butter
eggs,milk
banana,bread,butter
banana,butter
milk,bread,butter
banana,eggs
milk,eggs,bread
banana,butter
bread,eggs
milk,banana
milk,butter,eggs
banana,bread
butter,eggs
milk,butter,bread
bread,eggs,butter
milk,banana,eggs
milk,butter,bread
banana,butter
butter,eggs
banana,bread
milk,butter,eggs
bread,butter
milk,bread,butter
